{"ullat":47.68591082499119,"ullon":-122.5626262846311,"lrlat":47.664432650843835,"lrlon":-122.52599295087074,"depth":0}
