{"ullat":47.73417340395563,"ullon":-122.57785669265667,"lrlat":47.56181554578988,"lrlon":-122.29863976041,"depth":5}
