{"ullat":47.73164925825127,"ullon":-122.41771340480511,"lrlat":47.54618195490771,"lrlon":-122.08476683796611,"depth":3}
