{"ullat":47.73793181606214,"ullon":-122.57712220761238,"lrlat":47.54881988578578,"lrlon":-122.34551107992905,"depth":2}
