{"ullat":47.68478979912512,"ullon":-122.42086461554206,"lrlat":47.59944639838105,"lrlon":-122.29835016646145,"depth":3}
