{"ullat":47.74847949652474,"ullon":-122.25780324520376,"lrlat":47.61844008896709,"lrlon":-122.10946040161029,"depth":6}
