{"ullat":47.6719444461814,"ullon":-122.23148366850471,"lrlat":47.650309894056505,"lrlon":-122.20015983530614,"depth":6}
