{"ullat":47.606772402394306,"ullon":-122.32988495399269,"lrlat":47.56597444107185,"lrlon":-122.26669292374113,"depth":4}
