{"ullat":47.7192002172247,"ullon":-122.45983591405479,"lrlat":47.667195311139935,"lrlon":-122.37895910704988,"depth":1}
