{"ullat":47.65568484389444,"ullon":-122.44470382502745,"lrlat":47.55673579940999,"lrlon":-122.2630560701554,"depth":2}
