{"grid":[[{"depth":1,"x":1,"y":0}]],"ullat":47.754097979680026,"ullon":-122.51953125,"lrlat":47.63578359086485,"lrlon":-122.34375}
