{"grid":[[{"depth":0,"x":0,"y":0}]],"ullat":47.754097979680026,"ullon":-122.6953125,"lrlat":47.5172006978394,"lrlon":-122.34375}
