{"start_lat":47.66875457893595,"start_lon":-122.3896914245105,"end_lat":47.64576080306681,"end_lon":-122.36295345407166}
