{"start_lat":47.58174012151427,"start_lon":-122.21492099641885,"end_lat":47.6809631798604,"end_lon":-122.50049168666662}
