{"start_lat":47.64425970785515,"start_lon":-122.14483468678826,"end_lat":47.53631172679785,"end_lon":-122.38840478360862}
