{"start_lat":47.704404612797276,"start_lon":-122.11455524632888,"end_lat":47.71330001835757,"end_lon":-122.28227762218151}
