{"start_lat":47.57612169341669,"start_lon":-122.2937997550208,"end_lat":47.61669166114156,"end_lon":-122.1662039423972}
