{"start_lat":47.52907869565042,"start_lon":-122.11840418668147,"end_lat":47.60327861679421,"end_lon":-122.43577394957211}
