{"start_lat":47.59643124206801,"start_lon":-122.06012887640237,"end_lat":47.66673430990362,"end_lon":-122.5014271386738}
