{"start_lat":47.523351574317864,"start_lon":-122.19369872496804,"end_lat":47.64025118298593,"end_lon":-122.49024152525733}
