{"start_lat":47.746655084301786,"start_lon":-122.44365005661764,"end_lat":47.560364109667454,"end_lon":-122.40162594368935}
