{"start_lat":47.57644724370512,"start_lon":-122.42350766646608,"end_lat":47.71207750040627,"end_lon":-122.27741021890569}
